{
  "dice": 0.9512178330359006,
  "iou": 0.9070196337407183,
  "precision": 0.9559500652531091,
  "recall": 0.9467410807713493,
  "accuracy": 0.9224230448404596,
  "ari": 0.6725449473128142,
  "voi": 0.7266122992077197,
  "betti0_error": 0.6041666666666666,
  "betti1_error": 0.07291666666666667,
  "betti_error": 0.6770833333333334,
  "euler_error": 0.640625,
  "assd": 1.295136464605801,
  "inference_seconds_per_slice": 1.65913766666669,
  "inference_seconds_std": 3.4746944768208907,
  "evaluated_slices": 6.0,
  "assd_nonfinite_slices": 0.0
}